Time,Time Code,Country Name,Country Code,Current health expenditure per capita (current US$) [SH.XPD.CHEX.PC.CD],"Mortality rate, infant (per 1,000 live births) [SP.DYN.IMRT.IN]","Life expectancy at birth, total (years) [SP.DYN.LE00.IN]",GDP (current US$) [NY.GDP.MKTP.CD],Male & Female Obesity Rate,Region,,,,
2016,YR2016,Afghanistan,AFG,61.37234497,62.3,62.646,18116572395,5.4,"Middle East, North Africa, Afghanistan & Pakistan",,,,
2016,YR2016,Albania,ALB,275.4367676,7.6,78.643,11988668785,21.7,Europe & Central Asia,,,,
2016,YR2016,Algeria,DZA,265.5343933,21.6,75.31,1.80764E+11,27.4,"Middle East, North Africa, Afghanistan & Pakistan",,,,
2016,YR2016,American Samoa,ASM,..,..,72.64,671000000,..,East Asia & Pacific,,,,
2016,YR2016,Andorra,AND,2769.152832,3.2,84.489,2896610480,25.6,Europe & Central Asia,,,,
2016,YR2016,Angola,AGO,94.01481628,48.9,61.619,52761617226,8.05,Sub-Saharan Africa,,,,
2016,YR2016,Antigua and Barbuda,ATG,817.888916,8.4,76.968,1489603704,18.75,Latin America & Caribbean,,,,
2016,YR2016,Argentina,ARG,1251.656128,9.7,76.105,5.57532E+11,28.15,Latin America & Caribbean,,,,
2016,YR2016,Armenia,ARM,359.5822754,12.2,74.86829268,10546136236,20.05,Europe & Central Asia,,,,
2016,YR2016,Aruba,ABW,..,..,75.54,2983635196,..,Latin America & Caribbean,,,,
2016,YR2016,Australia,AUS,5423.82666,3.2,82.44878049,1.20684E+12,29,East Asia & Pacific,,,,
2016,YR2016,Austria,AUT,4709.875977,3,81.64146341,3.93687E+11,20.1,Europe & Central Asia,,,,
2016,YR2016,Azerbaijan,AZE,169.6959686,19.8,72.568,37866996883,19.7,Europe & Central Asia,,,,
2016,YR2016,"Bahamas, The",BHS,1729.714355,12.2,74.042,11880900000,31.25,Latin America & Caribbean,,,,
2016,YR2016,Bahrain,BHR,1095.925415,6.3,80.407,33884680851,31.15,"Middle East, North Africa, Afghanistan & Pakistan",,,,
2016,YR2016,Bangladesh,BGD,39.30647659,28.6,71.075,2.65225E+11,3.65,South Asia,,,,
2016,YR2016,Barbados,BRB,1181.142578,11.5,76.168,5330761500,23,Latin America & Caribbean,,,,
2016,YR2016,Belarus,BLR,296.9472046,2.9,73.82682927,47723545321,24.2,Europe & Central Asia,,,,
2016,YR2016,Belgium,BEL,4542.661621,3.4,81.43902439,4.74272E+11,22.05,Europe & Central Asia,,,,
2016,YR2016,Belize,BLZ,293.8230286,12.6,71.843,2240200000,24,Latin America & Caribbean,,,,
2016,YR2016,Benin,BEN,28.24943924,55.7,59.283,11821065853,9.45,Sub-Saharan Africa,,,,
2016,YR2016,Bermuda,BMU,..,..,80.476,6899911000,..,North America,,,,
2016,YR2016,Bhutan,BTN,97.42939758,23.4,71.119,2357504761,6.6,South Asia,,,,
2016,YR2016,Bolivia,BOL,207.4511261,25.9,67.392,33941126194,20.05,Latin America & Caribbean,,,,
2016,YR2016,Bosnia and Herzegovina,BIH,450.4415588,5.9,77.124,17116926328,17.75,Europe & Central Asia,,,,
2016,YR2016,Botswana,BWA,389.3107605,46.7,64.32,15082637184,18.7,Sub-Saharan Africa,,,,
2016,YR2016,Brazil,BRA,810.2003784,14.6,75.081,1.79569E+12,21.95,Latin America & Caribbean,,,,
2016,YR2016,British Virgin Islands,VGB,..,13.8,76.624,..,..,Latin America & Caribbean,,,,
2016,YR2016,Brunei Darussalam,BRN,679.4692993,8.6,74.905,11400266055,14.1,East Asia & Pacific,,,,
2016,YR2016,Bulgaria,BGR,562.3408203,6.4,74.81219512,53929397039,24.9,Europe & Central Asia,,,,
2016,YR2016,Burkina Faso,BFA,39.52329254,54.7,59.173,12833363045,5.35,Sub-Saharan Africa,,,,
2016,YR2016,Burundi,BDI,18.59472847,40,60.789,2644487777,5.35,Sub-Saharan Africa,,,,
2016,YR2016,Cabo Verde,CPV,157.3990631,16.2,74.35,1849789986,11.6,Sub-Saharan Africa,,,,
2016,YR2016,Cambodia,KHM,75.22520447,26.5,69.635,26556545153,3.75,East Asia & Pacific,,,,
2016,YR2016,Cameroon,CMR,57.99372482,51.6,60.293,33814337044,11.25,Sub-Saharan Africa,,,,
2016,YR2016,Canada,CAN,4649.121094,4.6,81.94,1.52799E+12,29.4,North America,,,,
2016,YR2016,Cayman Islands,CYM,..,..,78.367,4909322237,..,Latin America & Caribbean,,,,
2016,YR2016,Central African Republic,CAF,21.07796097,77,50.999,1825018145,7.3,Sub-Saharan Africa,,,,
2016,YR2016,Chad,TCD,31.96038055,71,51.603,13026289836,6,Sub-Saharan Africa,,,,
2016,YR2016,Channel Islands,CHI,..,..,81.2,9169278153,..,Europe & Central Asia,,,,
2016,YR2016,Chile,CHL,1167.893066,6.7,80.295,2.49345E+11,27.95,Latin America & Caribbean,,,,
2016,YR2016,China,CHN,398.1748962,7.6,77.214,1.1456E+13,6.2,East Asia & Pacific,,,,
2016,YR2016,Colombia,COL,448.8458862,13.6,76.228,2.8272E+11,22.1,Latin America & Caribbean,,,,
2016,YR2016,Comoros,COM,63.53099442,41.7,64.792,1012835493,7.75,Sub-Saharan Africa,,,,
2016,YR2016,"Congo, Dem. Rep.",COD,19.3114109,54.5,59.081,37134801555,6.65,Sub-Saharan Africa,,,,
2016,YR2016,"Congo, Rep.",COG,54.3000145,33.9,63.911,10931328151,9.5,Sub-Saharan Africa,,,,
2016,YR2016,Costa Rica,CRI,884.7302856,7.7,79.988,58847019610,25.75,Latin America & Caribbean,,,,
2016,YR2016,Cote d'Ivoire,CIV,61.85705566,57.4,58.814,48407761037,10.5,Sub-Saharan Africa,,,,
2016,YR2016,Croatia,HRV,840.9012451,4.1,77.92195122,52654855638,24.3,Europe & Central Asia,,,,
2016,YR2016,Cuba,CUB,990.9234619,4.9,77.571,91370407864,24.6,Latin America & Caribbean,,,,
2016,YR2016,Curacao,CUW,..,..,76.322,3024690168,..,Latin America & Caribbean,,,,
2016,YR2016,Cyprus,CYP,1649.412476,2.4,81.534,21046462281,21.75,Europe & Central Asia,,,,
2016,YR2016,Czechia,CZE,1374.900513,2.6,79.02682927,1.98161E+11,25.9,Europe & Central Asia,,,,
2016,YR2016,Denmark,DNK,5624.328613,3.5,80.85365854,3.12182E+11,19.65,Europe & Central Asia,,,,
2016,YR2016,Djibouti,DJI,68.82740021,55.1,63.335,2604955229,13.45,"Middle East, North Africa, Afghanistan & Pakistan",,,,
2016,YR2016,Dominica,DMA,424.1575623,27.8,71.189,612711111.1,27.75,Latin America & Caribbean,,,,
2016,YR2016,Dominican Republic,DOM,328.3652649,31.3,72.889,75552902636,27.55,Latin America & Caribbean,,,,
2016,YR2016,Ecuador,ECU,449.0386963,12.5,76.094,97671433000,19.8,Latin America & Caribbean,,,,
2016,YR2016,"Egypt, Arab Rep.",EGY,142.618454,20.5,70.437,3.32442E+11,31.9,"Middle East, North Africa, Afghanistan & Pakistan",,,,
2016,YR2016,El Salvador,SLV,339.9787598,12,70.908,24191430000,23.9,Latin America & Caribbean,,,,
2016,YR2016,Equatorial Guinea,GNQ,213.1179352,61.3,61.081,11240808848,8.2,Sub-Saharan Africa,,,,
2016,YR2016,Eritrea,ERI,26.00592422,31.4,66.242,..,4.8,Sub-Saharan Africa,,,,
2016,YR2016,Estonia,EST,1226.085938,2.3,77.64146341,24561027788,21.05,Europe & Central Asia,,,,
2016,YR2016,Eswatini,SWZ,226.4177094,52,56.228,3724180911,15.8,Sub-Saharan Africa,,,,
2016,YR2016,Ethiopia,ETH,24.34373283,46,64.162,74296766562,4.4,Sub-Saharan Africa,,,,
2016,YR2016,Faroe Islands,FRO,..,..,81.99268293,2813278869,..,Europe & Central Asia,,,,
2016,YR2016,Fiji,FJI,175.9163513,17,66.657,4930213644,30.2,East Asia & Pacific,,,,
2016,YR2016,Finland,FIN,4108.739746,1.9,81.42926829,2.38778E+11,22.15,Europe & Central Asia,,,,
2016,YR2016,France,FRA,4264.145996,3.2,82.57317073,2.47041E+12,21.55,Europe & Central Asia,,,,
2016,YR2016,French Polynesia,PYF,..,..,82.555,5497036477,..,East Asia & Pacific,,,,
2016,YR2016,Gabon,GAB,207.5027313,32.3,66.583,14023890265,14.95,Sub-Saharan Africa,,,,
2016,YR2016,"Gambia, The",GMB,20.77086067,42.3,63.386,1484578886,10.2,Sub-Saharan Africa,,,,
2016,YR2016,Georgia,GEO,319.3100891,8.7,73.136,15444548902,21.5,Europe & Central Asia,,,,
2016,YR2016,Germany,DEU,4746.775391,3.3,80.9902439,3.53778E+12,22.3,Europe & Central Asia,,,,
2016,YR2016,Ghana,GHA,64.86400604,36.4,63.522,56144179398,10.55,Sub-Saharan Africa,,,,
2016,YR2016,Gibraltar,GIB,..,..,82.741,..,..,Europe & Central Asia,,,,
2016,YR2016,Greece,GRC,1513.259155,3.6,81.38780488,1.93097E+11,24.8,Europe & Central Asia,,,,
2016,YR2016,Greenland,GRL,..,..,71.83853659,2707139544,..,Europe & Central Asia,,,,
2016,YR2016,Grenada,GRD,409.2784119,16.1,75.01,1061640741,21.15,Latin America & Caribbean,,,,
2016,YR2016,Guam,GUM,..,..,76.449,5901000000,..,East Asia & Pacific,,,,
2016,YR2016,Guatemala,GTM,246.4538269,22.5,71.215,66053403364,20.75,Latin America & Caribbean,,,,
2016,YR2016,Guinea,GIN,38.46130753,70.2,58.49,8595955222,7.6,Sub-Saharan Africa,,,,
2016,YR2016,Guinea-Bissau,GNB,56.60805511,53.4,60.619,1245074264,9.35,Sub-Saharan Africa,,,,
2016,YR2016,Guyana,GUY,235.916626,29.5,68.069,4482697337,19.9,Latin America & Caribbean,,,,
2016,YR2016,Haiti,HTI,60.06819153,48.7,63.325,14069277526,22.4,Latin America & Caribbean,,,,
2016,YR2016,Honduras,HND,177.8835144,16.6,71.615,21717604952,21.25,Latin America & Caribbean,,,,
2016,YR2016,"Hong Kong SAR, China",HKG,..,..,84.21146341,3.2086E+11,..,East Asia & Pacific,,,,
2016,YR2016,Hungary,HUN,914.1932373,4,76.06341463,1.28984E+11,26.4,Europe & Central Asia,,,,
2016,YR2016,Iceland,ISL,5053.517578,2,82.20487805,20793168031,21.8,Europe & Central Asia,,,,
2016,YR2016,India,IND,59.72652817,34.7,69.709,2.2948E+12,3.9,South Asia,,,,
2016,YR2016,Indonesia,IDN,106.4002152,21.5,69.733,9.31877E+11,6.85,East Asia & Pacific,,,,
2016,YR2016,"Iran, Islamic Rep.",IRN,444.4397278,13.5,76.155,4.59043E+11,25.75,"Middle East, North Africa, Afghanistan & Pakistan",,,,
2016,YR2016,Iraq,IRQ,199.8855133,25.9,68.683,1.66744E+11,30.2,"Middle East, North Africa, Afghanistan & Pakistan",,,,
2016,YR2016,Ireland,IRL,4726.312988,3.1,81.65365854,3.05733E+11,25.3,Europe & Central Asia,,,,
2016,YR2016,Isle of Man,IMN,..,..,80.391,6846377563,..,Europe & Central Asia,,,,
2016,YR2016,Israel,ISR,2783.824951,3.1,82.40731707,3.21941E+11,26.05,"Middle East, North Africa, Afghanistan & Pakistan",,,,
2016,YR2016,Italy,ITA,2699.73291,2.9,83.24390244,1.88711E+12,19.8,Europe & Central Asia,,,,
2016,YR2016,Jamaica,JAM,285.6094971,17.6,72.052,14077096677,24.35,Latin America & Caribbean,,,,
2016,YR2016,Japan,JPN,4194.228027,2,83.98487805,5.00368E+12,4.25,East Asia & Pacific,,,,
2016,YR2016,Jordan,JOR,278.1337891,14.7,75.55,39892551127,35.65,"Middle East, North Africa, Afghanistan & Pakistan",,,,
2016,YR2016,Kazakhstan,KAZ,255.8404999,8.8,72.549,1.37278E+11,20.8,Europe & Central Asia,,,,
2016,YR2016,Kenya,KEN,73.88768005,38.7,62.526,74815144164,6.95,Sub-Saharan Africa,,,,
2016,YR2016,Kiribati,KIR,157.7289734,42.6,65.799,206467818.5,46,East Asia & Pacific,,,,
2016,YR2016,"Korea, Dem. People's Rep.",PRK,..,16.5,72.971,..,6.7,East Asia & Pacific,,,,
2016,YR2016,"Korea, Rep.",KOR,2015.13208,2.8,82.27560976,1.49968E+12,4.6,East Asia & Pacific,,,,
2016,YR2016,Kosovo,XKX,..,12.3,76.748,6682677290,..,Europe & Central Asia,,,,
2016,YR2016,Kuwait,KWT,1292.719849,7.7,79.67758537,1.09407E+11,39.45,"Middle East, North Africa, Afghanistan & Pakistan",,,,
2016,YR2016,Kyrgyz Republic,KGZ,71.52179718,18.4,70.95121951,6813095379,16.3,Europe & Central Asia,,,,
2016,YR2016,Lao PDR,LAO,54.3762207,45.2,67.014,15912501723,5.2,East Asia & Pacific,,,,
2016,YR2016,Latvia,LVA,874.7977295,4,74.5804878,27117105060,23.35,Europe & Central Asia,,,,
2016,YR2016,Lebanon,LBN,640.9656372,11.4,78.306,51147308774,32.2,"Middle East, North Africa, Afghanistan & Pakistan",,,,
2016,YR2016,Lesotho,LSO,91.45993805,68.3,52.908,2114426452,15.65,Sub-Saharan Africa,,,,
2016,YR2016,Liberia,LBR,67.68016052,61.8,60.483,3398419600,9.85,Sub-Saharan Africa,,,,
2016,YR2016,Libya,LBY,464.4753113,10.2,71.799,49912073701,32.3,"Middle East, North Africa, Afghanistan & Pakistan",,,,
2016,YR2016,Liechtenstein,LIE,..,..,82.25853659,6237302034,..,Europe & Central Asia,,,,
2016,YR2016,Lithuania,LTU,988.5279541,4,74.67073171,42970749245,26,Europe & Central Asia,,,,
2016,YR2016,Luxembourg,LUX,5475.139648,2.1,82.68536585,62216885436,22.6,Europe & Central Asia,,,,
2016,YR2016,"Macao SAR, China",MAC,..,..,83.27560976,45070808689,..,East Asia & Pacific,,,,
2016,YR2016,Madagascar,MDG,24.20793915,43.8,63.431,11848613858,5.25,Sub-Saharan Africa,,,,
2016,YR2016,Malawi,MWI,34.0307579,37.6,63.163,7909868618,5.65,Sub-Saharan Africa,,,,
2016,YR2016,Malaysia,MYS,350.7116089,6.7,75.371,3.01256E+11,15.45,East Asia & Pacific,,,,
2016,YR2016,Maldives,MDV,1017.999084,8,78.913,4409942624,8.6,South Asia,,,,
2016,YR2016,Mali,MLI,27.58086205,68,58.286,16743796800,8.5,Sub-Saharan Africa,,,,
2016,YR2016,Malta,MLT,2321.15332,5.7,82.45365854,12025782885,28.85,"Middle East, North Africa, Afghanistan & Pakistan",,,,
2016,YR2016,Marshall Islands,MHL,619.3566895,28.7,65.477,201800000,52.85,East Asia & Pacific,,,,
2016,YR2016,Mauritania,MRT,49.90084076,37.6,66.823,6398747592,12.55,Sub-Saharan Africa,,,,
2016,YR2016,Mauritius,MUS,540.392395,13,74.39487805,12594155464,10.65,Sub-Saharan Africa,,,,
2016,YR2016,Mexico,MEX,489.9223023,13.5,74.376,1.11223E+12,28.55,Latin America & Caribbean,,,,
2016,YR2016,"Micronesia, Fed. Sts.",FSM,399.7465515,25.7,65.576,325000000,45.8,East Asia & Pacific,,,,
2016,YR2016,Moldova,MDA,171.1847687,14,70.179,7980917076,18.65,Europe & Central Asia,,,,
2016,YR2016,Monaco,MCO,7149.518066,2.8,85.63,6471290794,..,Europe & Central Asia,,,,
2016,YR2016,Mongolia,MNG,168.4140472,15,70.22390244,11181350649,20.35,East Asia & Pacific,,,,
2016,YR2016,Montenegro,MNE,604.8866577,3.2,76.54146341,4376930578,23.2,Europe & Central Asia,,,,
2016,YR2016,Morocco,MAR,162.2150726,20.5,73.228,1.11573E+11,25.8,"Middle East, North Africa, Afghanistan & Pakistan",,,,
2016,YR2016,Mozambique,MOZ,31.85357285,52.9,59.455,12069051237,6.9,Sub-Saharan Africa,,,,
2016,YR2016,Myanmar,MMR,59.67910385,43.1,65.64,63298361996,5.65,East Asia & Pacific,,,,
2016,YR2016,Namibia,NAM,409.7810669,47.6,60.81,10722018732,16.45,Sub-Saharan Africa,,,,
2016,YR2016,Nauru,NRU,981.883667,14.8,60.996,97276023.08,61,East Asia & Pacific,,,,
2016,YR2016,Nepal,NPL,47.1232872,31.2,68.444,24524109484,4.05,South Asia,,,,
2016,YR2016,Netherlands,NLD,4644.020996,3.5,81.56097561,7.97164E+11,20.4,Europe & Central Asia,,,,
2016,YR2016,New Caledonia,NCL,..,..,77.359,8724568955,..,East Asia & Pacific,,,,
2016,YR2016,New Zealand,NZL,3702.371094,4.6,81.65853659,1.891E+11,30.75,East Asia & Pacific,,,,
2016,YR2016,Nicaragua,NIC,171.5748291,13.9,73.18,13286093388,23.45,Latin America & Caribbean,,,,
2016,YR2016,Niger,NER,22.68474007,69.3,59.228,10398861982,5.6,Sub-Saharan Africa,,,,
2016,YR2016,Nigeria,NGA,75.52328491,69.5,52.189,4.04649E+11,8.85,Sub-Saharan Africa,,,,
2016,YR2016,North Macedonia,MKD,347.4427185,9.5,75.4,10672467073,22.35,Europe & Central Asia,,,,
2016,YR2016,Northern Mariana Islands,MNP,..,..,77.392,1230000000,..,East Asia & Pacific,,,,
2016,YR2016,Norway,NOR,7492.07666,2.1,82.40731707,3.70957E+11,23.05,Europe & Central Asia,,,,
2016,YR2016,Oman,OMN,714.4886475,9,79.581,75128738622,28.3,"Middle East, North Africa, Afghanistan & Pakistan",,,,
2016,YR2016,Pakistan,PAK,36.46934128,62.2,65.943,3.1363E+11,8.65,"Middle East, North Africa, Afghanistan & Pakistan",,,,
2016,YR2016,Palau,PLW,1704.623169,18.8,69.046,298323500,55.3,East Asia & Pacific,,,,
2016,YR2016,Panama,PAN,1056.684814,13.5,77.772,59760858700,22.7,Latin America & Caribbean,,,,
2016,YR2016,Papua New Guinea,PNG,53.98646545,39.3,64.7,20758876953,21.2,East Asia & Pacific,,,,
2016,YR2016,Paraguay,PRY,385.5229797,18.9,73.487,36089700223,20.25,Latin America & Caribbean,,,,
2016,YR2016,Peru,PER,311.3351746,14.5,75.951,1.91898E+11,19.7,Latin America & Caribbean,,,,
2016,YR2016,Philippines,PHL,118.0598145,22.3,69.49,3.18627E+11,6.35,East Asia & Pacific,,,,
2016,YR2016,Poland,POL,816.0861816,4.1,77.85121951,4.7326E+11,22.95,Europe & Central Asia,,,,
2016,YR2016,Portugal,PRT,1875.242188,2.9,81.12439024,2.06305E+11,20.75,Europe & Central Asia,,,,
2016,YR2016,Puerto Rico (US),PRI,..,..,80.355,1.04337E+11,..,Latin America & Caribbean,,,,
2016,YR2016,Qatar,QAT,2072.061035,6.2,82.147,1.51732E+11,37.8,"Middle East, North Africa, Afghanistan & Pakistan",,,,
2016,YR2016,Romania,ROU,476.2450562,7.1,75.2097561,1.85291E+11,22.5,Europe & Central Asia,,,,
2016,YR2016,Russian Federation,RUS,463.2927551,6.1,71.65121951,1.27679E+12,22.5,Europe & Central Asia,,,,
2016,YR2016,Rwanda,RWA,50.77831268,33.1,65.733,8695272061,5.6,Sub-Saharan Africa,,,,
2016,YR2016,Samoa,WSM,238.3466187,14.7,71.003,843924796.7,47.45,East Asia & Pacific,,,,
2016,YR2016,San Marino,SMR,3621.232666,1.8,84.775,1468343140,..,Europe & Central Asia,,,,
2016,YR2016,Sao Tome and Principe,STP,109.7314224,13.9,66.563,292267272.2,12.05,Sub-Saharan Africa,,,,
2016,YR2016,Saudi Arabia,SAU,1353.21814,6.9,78.354,6.89279E+11,36.55,"Middle East, North Africa, Afghanistan & Pakistan",,,,
2016,YR2016,Senegal,SEN,53.90053558,36.9,66.724,19040312333,8.45,Sub-Saharan Africa,,,,
2016,YR2016,Serbia,SRB,486.4294434,5.2,75.68780488,42225495910,21.45,Europe & Central Asia,,,,
2016,YR2016,Seychelles,SYC,673.196228,13.3,74.3097561,1568513348,14.05,Sub-Saharan Africa,,,,
2016,YR2016,Sierra Leone,SLE,84.6361618,71.3,56.937,6084297211,8.55,Sub-Saharan Africa,,,,
2016,YR2016,Singapore,SGP,2488.282959,2.2,82.84634146,3.19646E+11,6.05,East Asia & Pacific,,,,
2016,YR2016,Sint Maarten (Dutch part),SXM,..,..,75.952,1427017207,..,Latin America & Caribbean,,,,
2016,YR2016,Slovak Republic,SVK,1175.627075,5.1,77.16585366,90347173229,20.45,Europe & Central Asia,,,,
2016,YR2016,Slovenia,SVN,1838.654053,2.1,81.17560976,44290685824,20.2,Europe & Central Asia,,,,
2016,YR2016,Solomon Islands,SLB,94.32994843,19.4,69.501,1379490304,22.5,East Asia & Pacific,,,,
2016,YR2016,Somalia,SOM,11.72021103,82,55.283,6613743070,8.1,Sub-Saharan Africa,,,,
2016,YR2016,South Africa,ZAF,456.5693665,28.4,64.749,3.23586E+11,27.5,Sub-Saharan Africa,,,,
2016,YR2016,South Sudan,SSD,..,164.1,36.72,..,..,Sub-Saharan Africa,,,,
2016,YR2016,Spain,ESP,2377.049561,2.7,83.32926829,1.24302E+12,23.7,Europe & Central Asia,,,,
2016,YR2016,Sri Lanka,LKA,145.3249664,7,76.136,88000211172,5.1,South Asia,,,,
2016,YR2016,St. Kitts and Nevis,KNA,1161.870972,16.7,71.227,1006818519,22.7,Latin America & Caribbean,,,,
2016,YR2016,St. Lucia,LCA,472.4305115,15.5,72.552,1868544444,19.5,Latin America & Caribbean,,,,
2016,YR2016,St. Martin (French part),MAF,..,..,79.885,..,..,Latin America & Caribbean,,,,
2016,YR2016,St. Vincent and the Grenadines,VCT,313.6622925,14.5,70.7,814303703.7,23.8,Latin America & Caribbean,,,,
2016,YR2016,Sudan,SDN,89.39611053,47.8,64.677,42630376000,..,Sub-Saharan Africa,,,,
2016,YR2016,Suriname,SUR,338.24823,18.6,70.979,3317421648,26.3,Latin America & Caribbean,,,,
2016,YR2016,Sweden,SWE,5680.726074,2.3,82.30731707,5.14218E+11,20.6,Europe & Central Asia,,,,
2016,YR2016,Switzerland,CHE,9276.50293,3.7,83.60243902,6.87895E+11,19.55,Europe & Central Asia,,,,
2016,YR2016,Syrian Arab Republic,SYR,25.93214798,23.9,65.19,12597854877,27.85,"Middle East, North Africa, Afghanistan & Pakistan",,,,
2016,YR2016,Tajikistan,TJK,54.9213562,24.1,69.982,6992416097,14.15,Europe & Central Asia,,,,
2016,YR2016,Tanzania,TZA,36.65267563,39.5,64.404,49774409374,8.35,Sub-Saharan Africa,,,,
2016,YR2016,Thailand,THA,229.7849884,10,76.769,4.13366E+11,9.85,East Asia & Pacific,,,,
2016,YR2016,Timor-Leste,TLS,92.69400787,42.6,65.61,1640464600,3.75,East Asia & Pacific,,,,
2016,YR2016,Togo,TGO,50.64896011,44,59.669,6071170959,8.2,Sub-Saharan Africa,,,,
2016,YR2016,Tonga,TON,202.9631195,9.4,71.951,420828254.5,47.95,East Asia & Pacific,,,,
2016,YR2016,Trinidad and Tobago,TTO,1064.417725,20.1,72.935,23624333664,18.4,Latin America & Caribbean,,,,
2016,YR2016,Tunisia,TUN,240.4025879,15.8,75.007,44360072680,26.7,"Middle East, North Africa, Afghanistan & Pakistan",,,,
2016,YR2016,Turkiye,TUR,456.3659668,10.4,76.595,8.69683E+11,31.8,Europe & Central Asia,,,,
2016,YR2016,Turkmenistan,TKM,376.6556702,34,69.142,36169428571,18.4,Europe & Central Asia,,,,
2016,YR2016,Turks and Caicos Islands,TCA,..,4.8,77.437,1032452000,..,Latin America & Caribbean,,,,
2016,YR2016,Tuvalu,TUV,697.9013672,21.5,65.51,41629064.22,51.6,East Asia & Pacific,,,,
2016,YR2016,Uganda,UGA,39.08125305,36.4,64.494,29203988696,5.2,Sub-Saharan Africa,,,,
2016,YR2016,Ukraine,UKR,154.5546875,8.9,73.389,93355869404,23.85,Europe & Central Asia,,,,
2016,YR2016,United Arab Emirates,ARE,1592.919067,5.8,82.195,3.69255E+11,34.25,"Middle East, North Africa, Afghanistan & Pakistan",,,,
2016,YR2016,United Kingdom,GBR,4016.63916,3.8,81.15609756,2.68911E+12,27.75,Europe & Central Asia,,,,
2016,YR2016,United States,USA,9536.206055,5.7,78.53902439,1.88049E+13,36.25,North America,,,,
2016,YR2016,Uruguay,URY,1469.389648,7.2,77.351,57480787465,27.75,Latin America & Caribbean,,,,
2016,YR2016,Uzbekistan,UZB,129.8217773,17.4,71.58,86138288644,16.4,Europe & Central Asia,,,,
2016,YR2016,Vanuatu,VUT,88.35998535,15.3,70.397,804323576.9,25.15,East Asia & Pacific,,,,
2016,YR2016,"Venezuela, RB",VEN,..,21.5,72.002,..,25.5,Latin America & Caribbean,,,,
2016,YR2016,Viet Nam,VNM,133.1960144,15.4,73.984,2.57096E+11,2.1,East Asia & Pacific,,,,
2016,YR2016,Virgin Islands (U.S.),VIR,..,..,79.16829268,3798000000,..,Latin America & Caribbean,,,,
2016,YR2016,West Bank and Gaza,PSE,299.4125061,15.2,74.917,15405400000,..,"Middle East, North Africa, Afghanistan & Pakistan",,,,
2016,YR2016,"Yemen, Rep.",YEM,47.25681305,40.5,67.105,31317825274,17,"Middle East, North Africa, Afghanistan & Pakistan",,,,
2016,YR2016,Zambia,ZMB,55.39532089,40.9,61.129,20958412538,8,Sub-Saharan Africa,,,,
2016,YR2016,Zimbabwe,ZWE,105.1162567,50.8,59.76,20548759858,15,Sub-Saharan Africa,,,,
,,,,,,,,,,,,,
,,,,,,,,,,,,,
,,,,,,,,,,,,,
,,,,,,,,,,,,,
,,,,,,,,,,,,,
,,,,,,,,,,,,,
,,,,,,,,,,,,,
,,,,,,,,,,,,,
,,,,,,,,,,,,,
,,,,,,,,,,,,,
,,,,,,,,,,,,,
,,,,,,,,,,,,,
,,,,,,,,,,,,,
,,,,,,,,,,,,,
,,,,,,,,,,,,,
,,,,,,,,,,,,,
,,,,,,,,,,,,,
,,,,,,,,,,,,,
,,,,,,,,,,,,,
,,,,,,,,,,,,,
,,,,,,,,,,,,,
,,,,,,,,,,,,,
,,,,,,,,,,,,,
,,,,,,,,,,,,,
,,,,,,,,,,,,,
,,,,,,,,,,,,,
,,,,,,,,,,,,,
,,,,,,,,,,,,,
,,,,,,,,,,,,,
,,,,,,,,,,,,,
,,,,,,,,,,,,,
,,,,,,,,,,,,,
,,,,,,,,,,,,,
,,,,,,,,,,,,,
,,,,,,,,,,,,,
,,,,,,,,,,,,,
,,,,,,,,,,,,,
,,,,,,,,,,,,,
,,,,,,,,,,,,,
,,,,,,,,,,,,,
,,,,,,,,,,,,,
,,,,,,,,,,,,,
,,,,,,,,,,,,,
,,,,,,,,,,,,,
,,,,,,,,,,,,,
,,,,,,,,,,,,,
,,,,,,,,,,,,,
,,,,,,,,,,,,,
,,,,,,,,,,,,,
,,,,,,,,,,,,,
,,,,,,,,,,,,,
,,,,,,,,,,,,,
,,,,,,,,,,,,,
,,,,,,,,,,,,,
,,,,,,,,,,,,,
,,,,,,,,,,,,,
,,,,,,,,,,,,,
,,,,,,,,,,,,,
,,,,,,,,,,,,,
,,,,,,,,,,,,,
,,,,,,,,,,,,,
,,,,,,,,,,,,,
,,,,,,,,,,,,,
,,,,,,,,,,,,,
,,,,,,,,,,,,,
,,,,,,,,,,,,,
,,,,,,,,,,,,,
,,,,,,,,,,,,,
,,,,,,,,,,,,,
,,,,,,,,,,,,,
,,,,,,,,,,,,,
,,,,,,,,,,,,,
,,,,,,,,,,,,,
,,,,,,,,,,,,,
,,,,,,,,,,,,,
,,,,,,,,,,,,,
,,,,,,,,,,,,,
,,,,,,,,,,,,,
,,,,,,,,,,,,,
,,,,,,,,,,,,,
,,,,,,,,,,,,,
,,,,,,,,,,,,,
,,,,,,,,,,,,,
,,,,,,,,,,,,,
,,,,,,,,,,,,,
,,,,,,,,,,,,,
,,,,,,,,,,,,,
,,,,,,,,,,,,,
,,,,,,,,,,,,,
,,,,,,,,,,,,,
,,,,,,,,,,,,,
,,,,,,,,,,,,,
,,,,,,,,,,,,,
,,,,,,,,,,,,,
,,,,,,,,,,,,,
,,,,,,,,,,,,,
,,,,,,,,,,,,,
,,,,,,,,,,,,,
,,,,,,,,,,,,,
,,,,,,,,,,,,,
,,,,,,,,,,,,,
,,,,,,,,,,,,,
,,,,,,,,,,,,,
,,,,,,,,,,,,,
,,,,,,,,,,,,,
,,,,,,,,,,,,,
,,,,,,,,,,,,,
,,,,,,,,,,,,,
,,,,,,,,,,,,,
,,,,,,,,,,,,,
,,,,,,,,,,,,,
,,,,,,,,,,,,,
,,,,,,,,,,,,,
,,,,,,,,,,,,,
,,,,,,,,,,,,,
,,,,,,,,,,,,,
,,,,,,,,,,,,,
,,,,,,,,,,,,,
,,,,,,,,,,,,,
,,,,,,,,,,,,,
,,,,,,,,,,,,,
,,,,,,,,,,,,,
,,,,,,,,,,,,,
,,,,,,,,,,,,,
,,,,,,,,,,,,,
,,,,,,,,,,,,,
,,,,,,,,,,,,,
,,,,,,,,,,,,,
,,,,,,,,,,,,,
,,,,,,,,,,,,,
,,,,,,,,,,,,,
,,,,,,,,,,,,,
,,,,,,,,,,,,,
,,,,,,,,,,,,,
,,,,,,,,,,,,,
,,,,,,,,,,,,,
,,,,,,,,,,,,,
,,,,,,,,,,,,,
,,,,,,,,,,,,,
,,,,,,,,,,,,,
,,,,,,,,,,,,,
,,,,,,,,,,,,,
,,,,,,,,,,,,,
,,,,,,,,,,,,,
,,,,,,,,,,,,,
,,,,,,,,,,,,,
,,,,,,,,,,,,,
,,,,,,,,,,,,,
,,,,,,,,,,,,,
,,,,,,,,,,,,,
,,,,,,,,,,,,,
,,,,,,,,,,,,,
,,,,,,,,,,,,,
,,,,,,,,,,,,,
,,,,,,,,,,,,,
,,,,,,,,,,,,,
,,,,,,,,,,,,,
,,,,,,,,,,,,,
,,,,,,,,,,,,,
,,,,,,,,,,,,,
,,,,,,,,,,,,,
,,,,,,,,,,,,,
,,,,,,,,,,,,,
,,,,,,,,,,,,,
,,,,,,,,,,,,,
,,,,,,,,,,,,,
,,,,,,,,,,,,,
,,,,,,,,,,,,,
,,,,,,,,,,,,,
,,,,,,,,,,,,,
,,,,,,,,,,,,,
,,,,,,,,,,,,,
,,,,,,,,,,,,,
,,,,,,,,,,,,,
,,,,,,,,,,,,,
,,,,,,,,,,,,,
,,,,,,,,,,,,,
,,,,,,,,,,,,,
,,,,,,,,,,,,,
,,,,,,,,,,,,,
,,,,,,,,,,,,,
,,,,,,,,,,,,,
,,,,,,,,,,,,,
,,,,,,,,,,,,,
,,,,,,,,,,,,,
,,,,,,,,,,,,,
,,,,,,,,,,,,,
,,,,,,,,,,,,,
,,,,,,,,,,,,,
,,,,,,,,,,,,,
,,,,,,,,,,,,,
,,,,,,,,,,,,,
,,,,,,,,,,,,,
,,,,,,,,,,,,,
,,,,,,,,,,,,,
,,,,,,,,,,,,,
,,,,,,,,,,,,,
,,,,,,,,,,,,,
,,,,,,,,,,,,,
,,,,,,,,,,,,,
,,,,,,,,,,,,,
,,,,,,,,,,,,,
,,,,,,,,,,,,,
,,,,,,,,,,,,,
,,,,,,,,,,,,,
,,,,,,,,,,,,,
,,,,,,,,,,,,,
,,,,,,,,,,,,,
,,,,,,,,,,,,,
,,,,,,,,,,,,,
,,,,,,,,,,,,,
,,,,,,,,,,,,,
,,,,,,,,,,,,,
,,,,,,,,,,,,,
,,,,,,,,,,,,,
,,,,,,,,,,,,,
,,,,,,,,,,,,,
,,,,,,,,,,,,,
,,,,,,,,,,,,,
,,,,,,,,,,,,,
,,,,,,,,,,,,,
,,,,,,,,,,,,,
,,,,,,,,,,,,,
,,,,,,,,,,,,,
,,,,,,,,,,,,,
,,,,,,,,,,,,,
,,,,,,,,,,,,,
,,,,,,,,,,,,,
